group_by,group,case_count,max_abs_error,mean_abs_error,rms_abs_error,mean_slowdown,max_slowdown,mean_tree_depth,max_tree_depth,mean_tree_leaf_count,max_tree_leaf_count
category,algebraic,1,3.552713678800501e-15,1.1117680127209484e-15,1.379612667567405e-15,147.1071670794041,147.1071670794041,32.0,32,70.0,70
category,exponential,2,4.440892098500626e-16,1.8988784611546905e-17,4.375729692978082e-17,11.185714529484352,15.071431726818926,2.0,3,3.0,4
category,hyperbolic,2,1.9984014443252818e-15,3.358930295073385e-16,4.515625131721479e-16,228.85225965312702,265.89918789600586,55.0,70,338.5,510
category,inverse,2,1.1102230246251565e-15,1.9935523924604877e-16,2.8547674010542253e-16,226.0422313627408,313.59989418682363,52.0,57,285.5,362
category,stability,2,1.7763568394002505e-15,4.878036273457914e-17,1.0720349988327574e-16,29.27632187910428,35.49294181183562,11.5,12,20.0,23
category,trigonometric,2,9.43689570931383e-16,1.7190004268933991e-16,2.2893193408003613e-16,209.54667550093467,217.3792906192843,59.0,63,372.0,400
