group_by,group,case_count,max_abs_error,mean_abs_error,rms_abs_error,mean_slowdown,max_slowdown,mean_tree_depth,max_tree_depth,mean_tree_leaf_count,max_tree_leaf_count
complexity_band,large,7,3.552713678800501e-15,3.608663765152004e-16,4.730792917546597e-16,210.855642873287,313.59989418682363,52.0,70,294.57142857142856,510
complexity_band,medium,2,1.7763568394002505e-15,4.878036273457914e-17,1.0720349988327574e-16,29.27632187910428,35.49294181183562,11.5,12,20.0,23
complexity_band,small,2,4.440892098500626e-16,1.8988784611546905e-17,4.375729692978082e-17,11.185714529484352,15.071431726818926,2.0,3,3.0,4
