group_by,group,case_count,max_abs_error,mean_abs_error,rms_abs_error,mean_slowdown,max_slowdown,mean_tree_depth,max_tree_depth,mean_tree_leaf_count,max_tree_leaf_count
domain,near_negative_one,1,1.7763568394002505e-15,6.504694227232833e-17,1.4802418589375584e-16,35.49294181183562,35.49294181183562,12.0,12,17.0,17
domain,near_zero,1,2.498001805406602e-16,3.2513783196829946e-17,6.638281387279563e-17,23.059701946372936,23.059701946372936,11.0,11,23.0,23
domain,nonnegative_real,1,3.552713678800501e-15,1.1117680127209484e-15,1.379612667567405e-15,147.1071670794041,147.1071670794041,32.0,32,70.0,70
domain,positive_real,1,4.440892098500626e-16,3.797756922309381e-17,8.751459385956164e-17,15.071431726818926,15.071431726818926,3.0,3,4.0,4
domain,principal_interval,1,1.1102230246251565e-15,1.7422641867897385e-16,2.5662369254730956e-16,313.59989418682363,313.59989418682363,57.0,57,362.0,362
domain,principal_inverse_positive,1,8.881784197001252e-16,2.244840598131237e-16,3.1432978766353546e-16,138.48456853865798,138.48456853865798,47.0,47,209.0,209
domain,symmetric_real,4,1.9984014443252818e-15,1.7196177021537107e-16,2.3345717572963063e-16,154.5496699360668,217.3792906192843,39.75,63,228.25,400
domain,wide_real,1,1.5772973205319119e-15,3.277390635318725e-16,4.2716019158584554e-16,265.89918789600586,265.89918789600586,70.0,70,510.0,510
